{
  "counters": {
    "api_calls.google_maps_success": 1,
    "scheduler.tasks_emitted": 2,
    "llm_calls.query_generation": 6,
    "api_calls.spotify": 8,
    "api_calls.song": 8,
    "llm_fallback.query_generation": 3,
    "api_calls.wikipedia": 8,
    "api_calls.knowledge": 8,
    "judge.evals": 2,
    "judge.llm_calls_attempted": 2,
    "judge.llm_calls_success": 2,
    "judge.choice.knowledge": 1,
    "judge.choice.song": 1
  },
  "latencies": {
    "llm.query_generation_ms": {
      "values": [
        1255.2388330223039,
        1462.540208012797,
        2249.916000000667,
        1805.624541011639,
        2086.2250000354834,
        2145.4877500073053
      ],
      "avg": 1834.1720553483658
    },
    "agent.video.llm_query_ms": {
      "values": [
        1255.2439580322243,
        2086.22691599885
      ],
      "avg": 1670.7354370155372
    },
    "agent.song.llm_query_ms": {
      "values": [
        1462.5421660020947,
        1805.6263330508955
      ],
      "avg": 1634.0842495264951
    },
    "agent.song.search_ms": {
      "values": [
        509.88287501968443,
        509.9556249915622,
        499.8791660182178,
        499.9526250176132,
        234.87904103239998,
        234.94674998801202,
        339.75154196377844,
        340.09825001703575,
        512.7207500045188,
        512.93716696091,
        243.22200001915917,
        243.30729199573398
      ],
      "avg": 390.12775691905216
    },
    "agent.knowledge.llm_query_ms": {
      "values": [
        2249.917958979495,
        2145.489374990575
      ],
      "avg": 2197.703666985035
    },
    "agent.knowledge.search_ms": {
      "values": [
        469.51333299512044,
        469.5734999841079,
        557.6421250007115,
        557.7096249908209,
        554.0959159843624,
        554.1942080017179,
        511.1976250191219,
        511.68620795942843,
        523.6266659921966,
        523.690042027738,
        550.5619579926133,
        550.6356250261888
      ],
      "avg": 527.8439025811773
    },
    "agent.song.fetch_ms": {
      "values": [
        114.0334170195274,
        114.09624997759238,
        137.32550002168864,
        137.39116600481793
      ],
      "avg": 125.71158325590659
    },
    "agent.knowledge.fetch_ms": {
      "values": [
        337.5849169678986,
        337.64208300272,
        342.7576670073904,
        342.84333302639425
      ],
      "avg": 340.2070000011008
    },
    "judge.scoring_ms": {
      "values": [
        2425.834894180298,
        2830.812931060791
      ],
      "avg": 2628.3239126205444
    },
    "orchestrator.task_ms": {
      "values": [
        7534.006118774414,
        6909.364938735962
      ],
      "avg": 7221.685528755188
    }
  },
  "gauges": {
    "queue.depth": 0
  }
}