{
  "counters": {
    "scheduler.tasks_emitted": 4,
    "llm_calls.query_generation": 12,
    "api_calls.wikipedia": 16,
    "api_calls.knowledge": 16,
    "api_calls.spotify": 16,
    "api_calls.song": 16,
    "judge.evals": 4,
    "judge.llm_calls_attempted": 4,
    "judge.llm_calls_success": 4,
    "judge.choice.knowledge": 4,
    "llm_fallback.query_generation": 1
  },
  "latencies": {
    "llm.query_generation_ms": {
      "values": [
        891.2750000017695,
        1483.3071670145728,
        1637.9594170139171,
        1815.0864579947665,
        1855.6950420024805,
        2389.0547499759123,
        1797.2123330109753,
        2275.4866249742918,
        1601.0212500113994,
        2156.295166001655,
        4878.306416969281,
        3075.231665978208
      ],
      "avg": 2154.6609409124358
    },
    "agent.video.llm_query_ms": {
      "values": [
        891.2786250002682,
        1855.6966669857502,
        4878.307916980702,
        3075.233332987409
      ],
      "avg": 2675.1291354885325
    },
    "agent.knowledge.llm_query_ms": {
      "values": [
        1483.3093339693733,
        2389.0564999892376,
        1797.2151670255698,
        2156.2969160149805
      ],
      "avg": 1956.4694792497903
    },
    "agent.song.llm_query_ms": {
      "values": [
        1637.9612080054358,
        1815.0895000435412,
        2275.490208994597,
        1601.0231250547804
      ],
      "avg": 1832.3910105245886
    },
    "agent.knowledge.search_ms": {
      "values": [
        513.0685830372386,
        513.1397080258466,
        703.1608329853043,
        703.2222080160864,
        602.9710419825278,
        603.0258339596912,
        497.842333978042,
        497.907041979488,
        606.9909160141833,
        607.1587079786696,
        581.1909170006402,
        581.3530419836752,
        535.6322919833474,
        535.8749160077423,
        534.1355840209872,
        534.2069999896921,
        500.52583299111575,
        500.81800000043586,
        549.2564160376787,
        549.3250410072505,
        502.3453330504708,
        502.4052080116235,
        624.6192920370959,
        624.6843340341002
      ],
      "avg": 562.7025173380389
    },
    "agent.song.search_ms": {
      "values": [
        533.223291975446,
        533.291540981736,
        410.49912496237084,
        410.5665000388399,
        444.5933750248514,
        444.6570420404896,
        396.880374988541,
        396.94354200037196,
        449.14224999956787,
        449.2109169950709,
        322.5432909675874,
        322.63362500816584,
        309.19258401263505,
        309.34408301254734,
        417.41362505126745,
        417.48137498507276,
        340.0786250131205,
        340.1618750067428,
        382.13204097701237,
        382.2013749741018,
        337.0247919810936,
        337.0900829904713,
        471.9644580036402,
        472.0313749858178
      ],
      "avg": 401.2625485823567
    },
    "agent.song.fetch_ms": {
      "values": [
        236.9724580203183,
        237.04554099822417,
        192.24529201164842,
        192.31191696599126,
        145.39791701827198,
        145.4611670342274,
        139.09025001339614,
        139.15008399635553
      ],
      "avg": 178.45932825730415
    },
    "agent.knowledge.fetch_ms": {
      "values": [
        348.37583400076255,
        348.4455830184743,
        349.5592920226045,
        349.77400000207126,
        346.96954203536734,
        347.0380419748835,
        351.6359169734642,
        351.7030420480296
      ],
      "avg": 349.18765650945716
    },
    "judge.scoring_ms": {
      "values": [
        1.9729137420654297,
        2.1820068359375,
        1.0707378387451172,
        1.1310577392578125
      ],
      "avg": 1.5891790390014648
    },
    "orchestrator.task_ms": {
      "values": [
        4952.548027038574,
        4436.22088432312,
        4887.693881988525,
        4189.818859100342
      ],
      "avg": 4616.57041311264
    }
  },
  "gauges": {
    "queue.depth": 0
  }
}