{
  "counters": {
    "scheduler.tasks_emitted": 4,
    "judge.evals": 4,
    "judge.choice.video": 4
  },
  "latencies": {
    "judge.scoring_ms": {
      "values": [
        0.26607513427734375,
        0.2617835998535156,
        0.25010108947753906,
        0.6117820739746094
      ],
      "avg": 0.34743547439575195
    },
    "orchestrator.task_ms": {
      "values": [
        1.1820793151855469,
        1.9450187683105469,
        1.428842544555664,
        1.8439292907714844
      ],
      "avg": 1.5999674797058105
    }
  },
  "gauges": {
    "queue.depth": 0
  }
}