{
  "counters": {
    "scheduler.tasks_emitted": 4,
    "judge.evals": 4,
    "judge.choice.video": 4
  },
  "latencies": {
    "judge.scoring_ms": {
      "values": [
        0.2720355987548828,
        0.25081634521484375,
        0.24080276489257812,
        0.2617835998535156
      ],
      "avg": 0.2563595771789551
    },
    "orchestrator.task_ms": {
      "values": [
        1.6770362854003906,
        1.4679431915283203,
        1.4660358428955078,
        1.4939308166503906
      ],
      "avg": 1.5262365341186523
    }
  },
  "gauges": {
    "queue.depth": 0
  }
}