{
  "counters": {
    "scheduler.tasks_emitted": 4,
    "judge.evals": 4,
    "judge.choice.video": 4
  },
  "latencies": {
    "judge.scoring_ms": {
      "values": [
        0.26416778564453125,
        2.0868778228759766,
        0.2460479736328125,
        0.2548694610595703
      ],
      "avg": 0.7129907608032227
    },
    "orchestrator.task_ms": {
      "values": [
        1.1692047119140625,
        3.248929977416992,
        1.4748573303222656,
        1.470804214477539
      ],
      "avg": 1.8409490585327148
    }
  },
  "gauges": {
    "queue.depth": 0
  }
}